{
  "week3-document-refinery-extractions::extracted_facts.confidence.mean": {
    "mean": 0.7238181818181818,
    "std": 0.14283481761799866
  }
}